<?xml version="1.0" encoding="utf-8"?>
<modification>
	<code>pvnm_storage_cleaner</code>
	<name>Storage Cleaner</name>
	<version>1.4.2</version>
	<author>p0v1n0m@gmail.com</author>
	<link>mailto:p0v1n0m@gmail.com</link>
	<file path="admin/controller/common/header.php">
		<operation>
			<search><![CDATA[
$data['logged'] = true;
			]]></search>
			<add position="after"><![CDATA[
			if ($this->config->get('pvnm_storage_cleaner_status') && $this->user->hasPermission('access', 'module/pvnm_storage_cleaner') && $this->user->hasPermission('modify', 'module/pvnm_storage_cleaner')) {
				$this->load->language('module/pvnm_storage_cleaner');

				$data['text_logout'] = $this->language->get('text_logout');
				$data['text_clear'] = $this->language->get('text_clear');
				$data['text_refresh'] = $this->language->get('text_refresh');
				$data['text_cache'] = $this->language->get('text_cache');
				$data['text_cache_system'] = $this->language->get('text_cache_system');
				$data['text_cache_modification'] = $this->language->get('text_cache_modification');
				$data['text_cache_image'] = $this->language->get('text_cache_image');
				$data['text_log'] = $this->language->get('text_log');
				$data['text_log_error'] = $this->language->get('text_log_error');
				$data['text_log_modification'] = $this->language->get('text_log_modification');

				$this->load->model('module/pvnm_storage_cleaner');

				if ($this->config->get('pvnm_storage_cleaner_size')) {
					$data['text_cleaner_size'] = $this->model_module_pvnm_storage_cleaner->getSize();
				} else {
					$data['text_cleaner_size'] = false;
				}

				$data['storage_cleaner'] = true;
			} else {
				$data['storage_cleaner'] = false;
			}
			]]></add>
		</operation>
	</file>
	<file path="admin/view/template/common/header.tpl">
		<operation>
			<search><![CDATA[
<ul class="nav pull-right">
			]]></search>
			<add position="before"><![CDATA[
<?php if ($storage_cleaner) { ?>
<script type="text/javascript"><!--
$(document).ready(function() {
	$('.clear-dropdown li').on('click', function(e) {
		e.stopPropagation();
	});
});

function goClear(type, key) {
	$.ajax({
		url: 'index.php?route=module/pvnm_storage_cleaner/clear' + type + '&token=' + getURLVar('token'),
		type: 'post',
		data: 'key=' + key,
		dataType: 'json',
		beforeSend: function() {
			$('#button-' + type + '-' + key).button('loading');
			$('.clear-dropdown').prev('a').children('span').html('<i class=\'fa fa-spinner\'></i>');
		},
		error: function(xhr, ajaxOptions, thrownError) {
			alert(thrownError + "\r\n" + xhr.statusText + "\r\n" + xhr.responseText);
		},
		success: function(json) {
			$('.clear-dropdown > .alert-success, .clear-dropdown > .alert-danger').remove();

			if (json['success']) {
				$('#button-' + type + '-' + key).closest('li').addClass('bg-success');
				$('.clear-dropdown').append('<div class="alert alert-success" style="margin: 15px 20px 15px 20px; padding: 5px; font-size: 11px;"><i class="fa fa-check-circle"></i> ' + json['success'] + '<button type="button" class="close" data-dismiss="alert">&times;</button></div>');
				$('.clear-dropdown').prev('a').children('span').html(json['size']);
			}

			if (json['error']) {
				$('#button-' + type + '-' + key).closest('li').addClass('bg-danger');
				$('.clear-dropdown').append('<div class="alert alert-danger" style="margin: 15px 20px 15px 20px; padding: 5px; font-size: 11px;"><i class="fa fa-exclamation-circle"></i> ' + json['error'] + '<button type="button" class="close" data-dismiss="alert">&times;</button></div>');
			}
		},
		complete: function() {
			$('#button-' + type + '-' + key).button('reset');
		}
	});
}
//--></script>
<?php } ?>
			]]></add>
		</operation>
		<operation>
			<search><![CDATA[
<ul class="nav pull-right">
			]]></search>
			<add position="after"><![CDATA[
	<?php if ($storage_cleaner) { ?>
	<li class="dropdown"><a class="dropdown-toggle" data-toggle="dropdown"><?php if ($text_cleaner_size) { ?><span class="label label-danger pull-left"><?php echo $text_cleaner_size; ?></span><?php } ?><i class="fa fa-eraser fa-lg"></i></a>
	  <ul class="dropdown-menu dropdown-menu-right clear-dropdown">
		<li class="dropdown-header"><?php echo $text_cache; ?></li>
		<li><a><?php echo $text_cache_system; ?><button onclick="goClear('cache', 'system');" type="button" data-loading-text="<i class='fa fa-spinner'></i>" data-toggle="tooltip" title="<?php echo $text_clear; ?>" class="btn btn-danger btn-xs pull-right" id="button-cache-system"><i class="fa fa-trash-o"></i></button></a></li>
		<li><a><?php echo $text_cache_modification; ?><button onclick="goClear('cache', 'modification');" type="button" data-loading-text="<i class='fa fa-spinner'></i>" data-toggle="tooltip" title="<?php echo $text_refresh; ?>" class="btn btn-danger btn-xs pull-right" id="button-cache-modification"><i class="fa fa-trash-o"></i></button></a></li>
		<li><a><?php echo $text_cache_image; ?><button onclick="goClear('cache', 'image');" type="button" data-loading-text="<i class='fa fa-spinner'></i>" data-toggle="tooltip" title="<?php echo $text_clear; ?>" class="btn btn-danger btn-xs pull-right" id="button-cache-image"><i class="fa fa-trash-o"></i></button></a></li>
		<li class="divider"></li>
		<li class="dropdown-header"><?php echo $text_log; ?></li>
		<li><a><?php echo $text_log_error; ?><button onclick="goClear('log', 'error');" type="button" data-loading-text="<i class='fa fa-spinner'></i>" data-toggle="tooltip" title="<?php echo $text_clear; ?>" class="btn btn-danger btn-xs pull-right" id="button-log-error"><i class="fa fa-trash-o"></i></button></a></li>
		<li><a><?php echo $text_log_modification; ?><button onclick="goClear('log', 'modification');" type="button" data-loading-text="<i class='fa fa-spinner'></i>" data-toggle="tooltip" title="<?php echo $text_clear; ?>" class="btn btn-danger btn-xs pull-right" id="button-log-modification"><i class="fa fa-trash-o"></i></button></a></li>
	  </ul>
	</li>
	<?php } ?>
			]]></add>
		</operation>
	</file>
</modification>